<?xml version = '1.0' encoding = 'UTF-8'?>
<Entity class="oracle.dbtools.crest.model.design.logical.Entity" directorySegmentName="seg_0" id="2765B59E-683A-5841-F5D9-9165F877F618" name="Funcionario">
<createdBy>usuario</createdBy>
<createdTime>2020-04-03 01:40:39 UTC</createdTime>
<ownerDesignName>projeto modelo conceitual final</ownerDesignName>
<engineerTo>
<item key="3C7114D9-C894-B0EE-B5A9-BCE68A23BCBD" value="true"/>
</engineerTo>
<adequatelyNormalized>NO</adequatelyNormalized>
<expectedVolumes>0</expectedVolumes>
<fwdEngineeringStrategyName>Single Table</fwdEngineeringStrategyName>
<growthPercent>0</growthPercent>
<growthType>Year</growthType>
<maxVolumes>9999999</maxVolumes>
<minVolumes>0</minVolumes>
<normalForm>Third</normalForm>
<attributes itemClass="oracle.dbtools.crest.model.design.logical.Attribute">
<Attribute name="Salario Mensal" id="F12A8690-CA22-0D84-0428-F1D9A60B8C07">
<createdBy>usuario</createdBy>
<createdTime>2020-04-10 18:27:53 UTC</createdTime>
<ownerDesignName>projeto modelo conceitual final</ownerDesignName>
<engineerTo>
<item key="3C7114D9-C894-B0EE-B5A9-BCE68A23BCBD" value="true"/>
</engineerTo>
<nullsAllowed>true</nullsAllowed>
<use>0</use>
<ownDataTypeParameters>,,</ownDataTypeParameters>
</Attribute>
<Attribute name="Comissão" id="DB314CF3-B186-FD75-7446-03A0FF20FF2B">
<createdBy>usuario</createdBy>
<createdTime>2020-04-10 18:28:02 UTC</createdTime>
<ownerDesignName>projeto modelo conceitual final</ownerDesignName>
<engineerTo>
<item key="3C7114D9-C894-B0EE-B5A9-BCE68A23BCBD" value="true"/>
</engineerTo>
<nullsAllowed>true</nullsAllowed>
<use>0</use>
<ownDataTypeParameters>,,</ownDataTypeParameters>
</Attribute>
<Attribute name="Tabela de Preço" id="D5FB67BC-69F4-832E-C5AE-588ACF2E6550">
<createdBy>usuario</createdBy>
<createdTime>2020-04-10 18:31:43 UTC</createdTime>
<ownerDesignName>projeto modelo conceitual final</ownerDesignName>
<engineerTo>
<item key="3C7114D9-C894-B0EE-B5A9-BCE68A23BCBD" value="true"/>
</engineerTo>
<nullsAllowed>true</nullsAllowed>
<use>0</use>
<ownDataTypeParameters>,,</ownDataTypeParameters>
</Attribute>
<Attribute name="Cliente" id="29E84FF3-FBD0-D1BC-677F-0283E6426319">
<createdBy>usuario</createdBy>
<createdTime>2020-04-10 18:32:24 UTC</createdTime>
<ownerDesignName>projeto modelo conceitual final</ownerDesignName>
<engineerTo>
<item key="3C7114D9-C894-B0EE-B5A9-BCE68A23BCBD" value="true"/>
</engineerTo>
<nullsAllowed>true</nullsAllowed>
<use>0</use>
<ownDataTypeParameters>,,</ownDataTypeParameters>
</Attribute>
</attributes>
</Entity>