<?xml version = '1.0' encoding = 'UTF-8'?>
<Entity class="oracle.dbtools.crest.model.design.logical.Entity" directorySegmentName="seg_0" id="4A36AFF8-FA3A-27F1-46E5-64822E7B44A9" name="Cliente">
<createdBy>usuario</createdBy>
<createdTime>2020-04-03 01:43:47 UTC</createdTime>
<ownerDesignName>projeto modelo conceitual final</ownerDesignName>
<engineerTo>
<item key="3C7114D9-C894-B0EE-B5A9-BCE68A23BCBD" value="true"/>
</engineerTo>
<adequatelyNormalized>NO</adequatelyNormalized>
<expectedVolumes>0</expectedVolumes>
<fwdEngineeringStrategyName>Single Table</fwdEngineeringStrategyName>
<growthPercent>0</growthPercent>
<growthType>Year</growthType>
<maxVolumes>9999999</maxVolumes>
<minVolumes>0</minVolumes>
<normalForm>Third</normalForm>
<attributes itemClass="oracle.dbtools.crest.model.design.logical.Attribute">
<Attribute name="Escolha do Produto " id="33931980-E78F-ED87-27A0-1D805FB40CF7">
<createdBy>usuario</createdBy>
<createdTime>2020-04-10 18:29:55 UTC</createdTime>
<ownerDesignName>projeto modelo conceitual final</ownerDesignName>
<engineerTo>
<item key="3C7114D9-C894-B0EE-B5A9-BCE68A23BCBD" value="true"/>
</engineerTo>
<nullsAllowed>true</nullsAllowed>
<use>0</use>
<ownDataTypeParameters>,,</ownDataTypeParameters>
</Attribute>
<Attribute name="Escolha da Quantidade do Produto" id="7CF8B5B2-2A84-C380-F311-ACD2B613DE67">
<createdBy>usuario</createdBy>
<createdTime>2020-04-10 18:30:04 UTC</createdTime>
<ownerDesignName>projeto modelo conceitual final</ownerDesignName>
<engineerTo>
<item key="3C7114D9-C894-B0EE-B5A9-BCE68A23BCBD" value="true"/>
</engineerTo>
<nullsAllowed>true</nullsAllowed>
<use>0</use>
<ownDataTypeParameters>,,</ownDataTypeParameters>
</Attribute>
<Attribute name="Hora que cada Cliente pode permanecer no Estabelecimento" id="6A5FAEFC-D855-9385-B1A5-D5F4039E63B2">
<createdBy>usuario</createdBy>
<createdTime>2020-04-10 18:30:14 UTC</createdTime>
<ownerDesignName>projeto modelo conceitual final</ownerDesignName>
<engineerTo>
<item key="3C7114D9-C894-B0EE-B5A9-BCE68A23BCBD" value="true"/>
</engineerTo>
<nullsAllowed>true</nullsAllowed>
<use>0</use>
<ownDataTypeParameters>,,</ownDataTypeParameters>
</Attribute>
<Attribute name="Inscrição do Site do Estabelecimento" id="79A5B05B-DE91-4BEC-239B-D406E33C20B2">
<createdBy>usuario</createdBy>
<createdTime>2020-04-10 18:30:36 UTC</createdTime>
<ownerDesignName>projeto modelo conceitual final</ownerDesignName>
<engineerTo>
<item key="3C7114D9-C894-B0EE-B5A9-BCE68A23BCBD" value="true"/>
</engineerTo>
<nullsAllowed>true</nullsAllowed>
<use>0</use>
<ownDataTypeParameters>,,</ownDataTypeParameters>
</Attribute>
<Attribute name="Tabela de Preço" id="A8213CB6-BFF7-6520-5CF2-91D91F3238CF">
<createdBy>usuario</createdBy>
<createdTime>2020-04-10 18:33:17 UTC</createdTime>
<ownerDesignName>projeto modelo conceitual final</ownerDesignName>
<engineerTo>
<item key="3C7114D9-C894-B0EE-B5A9-BCE68A23BCBD" value="true"/>
</engineerTo>
<nullsAllowed>true</nullsAllowed>
<use>0</use>
<ownDataTypeParameters>,,</ownDataTypeParameters>
</Attribute>
</attributes>
</Entity>