<?xml version = '1.0' encoding = 'UTF-8'?>
<Entity class="oracle.dbtools.crest.model.design.logical.Entity" directorySegmentName="seg_0" id="173300DA-1E0F-128B-D408-9CB8C3DD4091" name="Produto">
<createdBy>Kelly</createdBy>
<createdTime>2020-05-04 23:10:48 UTC</createdTime>
<ownerDesignName>BD MODELO LÓGICO</ownerDesignName>
<engineerTo>
<item key="58C13B34-10D9-FEA3-9EB1-E618304E6611" value="true"/>
</engineerTo>
<adequatelyNormalized>NO</adequatelyNormalized>
<expectedVolumes>0</expectedVolumes>
<fwdEngineeringStrategyName>Single Table</fwdEngineeringStrategyName>
<growthPercent>0</growthPercent>
<growthType>Year</growthType>
<maxVolumes>9999999</maxVolumes>
<minVolumes>0</minVolumes>
<normalForm>Third</normalForm>
<attributes itemClass="oracle.dbtools.crest.model.design.logical.Attribute">
<Attribute name="objeto tecnológico" id="22F0382C-4430-DBC2-F8B2-1119B12A7677">
<createdBy>Kelly</createdBy>
<createdTime>2020-05-04 23:32:39 UTC</createdTime>
<ownerDesignName>BD MODELO LÓGICO</ownerDesignName>
<engineerTo>
<item key="58C13B34-10D9-FEA3-9EB1-E618304E6611" value="true"/>
</engineerTo>
<nullsAllowed>true</nullsAllowed>
<useDomainConstraints>false</useDomainConstraints>
<use>1</use>
<ownDataTypeParameters>,,</ownDataTypeParameters>
</Attribute>
<Attribute name="nome" id="4650FB4B-C4CA-FF73-5389-3DAD301B0679">
<createdBy>Kelly</createdBy>
<createdTime>2020-05-04 23:32:21 UTC</createdTime>
<ownerDesignName>BD MODELO LÓGICO</ownerDesignName>
<engineerTo>
<item key="58C13B34-10D9-FEA3-9EB1-E618304E6611" value="true"/>
</engineerTo>
<nullsAllowed>true</nullsAllowed>
<useDomainConstraints>false</useDomainConstraints>
<use>1</use>
<ownDataTypeParameters>,,</ownDataTypeParameters>
</Attribute>
<Attribute name="tipo" id="DD865A47-0572-3182-ABD8-D5AF0BF26FC2">
<createdBy>Kelly</createdBy>
<createdTime>2020-05-04 23:32:13 UTC</createdTime>
<ownerDesignName>BD MODELO LÓGICO</ownerDesignName>
<engineerTo>
<item key="58C13B34-10D9-FEA3-9EB1-E618304E6611" value="true"/>
</engineerTo>
<nullsAllowed>true</nullsAllowed>
<useDomainConstraints>false</useDomainConstraints>
<use>1</use>
<ownDataTypeParameters>,,</ownDataTypeParameters>
</Attribute>
<Attribute name="preço" id="021210DC-07B3-6EAE-3086-E8682F2AD73C">
<createdBy>Kelly</createdBy>
<createdTime>2020-05-04 23:32:27 UTC</createdTime>
<ownerDesignName>BD MODELO LÓGICO</ownerDesignName>
<engineerTo>
<item key="58C13B34-10D9-FEA3-9EB1-E618304E6611" value="true"/>
</engineerTo>
<nullsAllowed>true</nullsAllowed>
<useDomainConstraints>false</useDomainConstraints>
<use>1</use>
<ownDataTypeParameters>,,</ownDataTypeParameters>
</Attribute>
</attributes>
</Entity>