<?xml version = '1.0' encoding = 'UTF-8'?>
<Entity class="oracle.dbtools.crest.model.design.logical.Entity" directorySegmentName="seg_0" id="33026346-0554-2AAC-ADBB-70675D101CBE" name="Aluguel">
<createdBy>Kelly</createdBy>
<createdTime>2020-05-04 23:11:11 UTC</createdTime>
<ownerDesignName>BD MODELO LÓGICO</ownerDesignName>
<engineerTo>
<item key="58C13B34-10D9-FEA3-9EB1-E618304E6611" value="true"/>
</engineerTo>
<adequatelyNormalized>NO</adequatelyNormalized>
<expectedVolumes>0</expectedVolumes>
<fwdEngineeringStrategyName>Single Table</fwdEngineeringStrategyName>
<growthPercent>0</growthPercent>
<growthType>Year</growthType>
<maxVolumes>9999999</maxVolumes>
<minVolumes>0</minVolumes>
<normalForm>Third</normalForm>
<attributes itemClass="oracle.dbtools.crest.model.design.logical.Attribute">
<Attribute name="local" id="20B6BB02-8D8B-001D-9348-C07BF9583042">
<createdBy>Kelly</createdBy>
<createdTime>2020-05-04 23:30:54 UTC</createdTime>
<ownerDesignName>BD MODELO LÓGICO</ownerDesignName>
<engineerTo>
<item key="58C13B34-10D9-FEA3-9EB1-E618304E6611" value="true"/>
</engineerTo>
<nullsAllowed>true</nullsAllowed>
<useDomainConstraints>false</useDomainConstraints>
<use>1</use>
<ownDataTypeParameters>,,</ownDataTypeParameters>
</Attribute>
<Attribute name="tecnologia" id="27E60A5D-259C-E144-763C-2A988EB2140F">
<createdBy>Kelly</createdBy>
<createdTime>2020-05-04 23:30:55 UTC</createdTime>
<ownerDesignName>BD MODELO LÓGICO</ownerDesignName>
<engineerTo>
<item key="58C13B34-10D9-FEA3-9EB1-E618304E6611" value="true"/>
</engineerTo>
<nullsAllowed>true</nullsAllowed>
<useDomainConstraints>false</useDomainConstraints>
<use>1</use>
<ownDataTypeParameters>,,</ownDataTypeParameters>
</Attribute>
</attributes>
</Entity>