<?xml version = '1.0' encoding = 'UTF-8'?>
<Entity class="oracle.dbtools.crest.model.design.logical.Entity" directorySegmentName="seg_0" id="7E6E358B-D6DB-65B9-2117-E3DE10BD3E6E" name="Cliente">
<createdBy>Kelly</createdBy>
<createdTime>2020-05-04 23:12:19 UTC</createdTime>
<ownerDesignName>BD MODELO LÓGICO</ownerDesignName>
<engineerTo>
<item key="58C13B34-10D9-FEA3-9EB1-E618304E6611" value="true"/>
</engineerTo>
<adequatelyNormalized>NO</adequatelyNormalized>
<expectedVolumes>0</expectedVolumes>
<fwdEngineeringStrategyName>Single Table</fwdEngineeringStrategyName>
<growthPercent>0</growthPercent>
<growthType>Year</growthType>
<maxVolumes>9999999</maxVolumes>
<minVolumes>0</minVolumes>
<normalForm>Third</normalForm>
<attributes itemClass="oracle.dbtools.crest.model.design.logical.Attribute">
<Attribute name="site" id="B241569F-A410-E9DF-1316-9F1B51C91DAA">
<createdBy>Kelly</createdBy>
<createdTime>2020-05-04 23:27:09 UTC</createdTime>
<ownerDesignName>BD MODELO LÓGICO</ownerDesignName>
<engineerTo>
<item key="58C13B34-10D9-FEA3-9EB1-E618304E6611" value="true"/>
</engineerTo>
<nullsAllowed>true</nullsAllowed>
<useDomainConstraints>false</useDomainConstraints>
<use>1</use>
<ownDataTypeParameters>,,</ownDataTypeParameters>
</Attribute>
<Attribute name="data e hora" id="DEC283B6-6A3C-2CA8-6DEA-60689541A050">
<createdBy>Kelly</createdBy>
<createdTime>2020-05-04 23:26:50 UTC</createdTime>
<ownerDesignName>BD MODELO LÓGICO</ownerDesignName>
<engineerTo>
<item key="58C13B34-10D9-FEA3-9EB1-E618304E6611" value="true"/>
</engineerTo>
<nullsAllowed>true</nullsAllowed>
<useDomainConstraints>false</useDomainConstraints>
<use>1</use>
<ownDataTypeParameters>,,</ownDataTypeParameters>
</Attribute>
<Attribute name="produto" id="B3C50262-3557-B545-7EBF-8DD568FE44EF">
<createdBy>Kelly</createdBy>
<createdTime>2020-05-04 23:26:17 UTC</createdTime>
<ownerDesignName>BD MODELO LÓGICO</ownerDesignName>
<engineerTo>
<item key="58C13B34-10D9-FEA3-9EB1-E618304E6611" value="true"/>
</engineerTo>
<nullsAllowed>true</nullsAllowed>
<use>0</use>
<ownDataTypeParameters>,,</ownDataTypeParameters>
</Attribute>
<Attribute name="quantidade" id="AB4C7EB7-6708-9624-E4AB-A7808F382788">
<createdBy>Kelly</createdBy>
<createdTime>2020-05-04 23:26:37 UTC</createdTime>
<ownerDesignName>BD MODELO LÓGICO</ownerDesignName>
<engineerTo>
<item key="58C13B34-10D9-FEA3-9EB1-E618304E6611" value="true"/>
</engineerTo>
<nullsAllowed>true</nullsAllowed>
<useDomainConstraints>false</useDomainConstraints>
<use>1</use>
<ownDataTypeParameters>,,</ownDataTypeParameters>
</Attribute>
<Attribute name="total" id="A4A63403-814D-9FA5-F611-32EEBC1116BD">
<createdBy>Kelly</createdBy>
<createdTime>2020-05-04 23:27:25 UTC</createdTime>
<ownerDesignName>BD MODELO LÓGICO</ownerDesignName>
<engineerTo>
<item key="58C13B34-10D9-FEA3-9EB1-E618304E6611" value="true"/>
</engineerTo>
<nullsAllowed>true</nullsAllowed>
<useDomainConstraints>false</useDomainConstraints>
<use>1</use>
<ownDataTypeParameters>,,</ownDataTypeParameters>
</Attribute>
</attributes>
</Entity>