<?xml version = '1.0' encoding = 'UTF-8'?>
<Entity class="oracle.dbtools.crest.model.design.logical.Entity" directorySegmentName="seg_0" id="2765B59E-683A-5841-F5D9-9165F877F618" name="Funcionario">
<createdBy>usuario</createdBy>
<createdTime>2020-04-03 01:40:39 UTC</createdTime>
<ownerDesignName>Modelo Conceitual </ownerDesignName>
<engineerTo>
<item key="3C7114D9-C894-B0EE-B5A9-BCE68A23BCBD" value="true"/>
</engineerTo>
<adequatelyNormalized>NO</adequatelyNormalized>
<expectedVolumes>0</expectedVolumes>
<fwdEngineeringStrategyName>Single Table</fwdEngineeringStrategyName>
<growthPercent>0</growthPercent>
<growthType>Year</growthType>
<maxVolumes>9999999</maxVolumes>
<minVolumes>0</minVolumes>
<normalForm>Third</normalForm>
</Entity>