<?xml version = '1.0' encoding = 'UTF-8'?>
<Entity class="oracle.dbtools.crest.model.design.logical.Entity" directorySegmentName="seg_0" id="8290F0A7-9CDC-FB83-EAC1-E6DAF27C1BEB" name="Computador">
<createdBy>usuario</createdBy>
<createdTime>2020-04-10 21:38:18 UTC</createdTime>
<ownerDesignName>Modelo Conceitual </ownerDesignName>
<engineerTo>
<item key="3C7114D9-C894-B0EE-B5A9-BCE68A23BCBD" value="true"/>
</engineerTo>
<adequatelyNormalized>NO</adequatelyNormalized>
<expectedVolumes>0</expectedVolumes>
<fwdEngineeringStrategyName>Single Table</fwdEngineeringStrategyName>
<growthPercent>0</growthPercent>
<growthType>Year</growthType>
<maxVolumes>9999999</maxVolumes>
<minVolumes>0</minVolumes>
<normalForm>Third</normalForm>
</Entity>