<?xml version = '1.0' encoding = 'UTF-8'?>
<Relation class="oracle.dbtools.crest.model.design.logical.Relation" name="Relation_11" directorySegmentName="seg_0" id="21DC85E5-9D5C-7937-9465-F84A37F49D88">
<createdBy>Kelly</createdBy>
<createdTime>2020-05-04 23:24:09 UTC</createdTime>
<ownerDesignName>BD MODELO LÓGICO</ownerDesignName>
<engineerTo>
<item key="58C13B34-10D9-FEA3-9EB1-E618304E6611" value="true"/>
</engineerTo>
<identifying>false</identifying>
<optionalSource>true</optionalSource>
<optionalTarget>false</optionalTarget>
<sourceCardinality>1</sourceCardinality>
<sourceEntity>173300DA-1E0F-128B-D408-9CB8C3DD4091</sourceEntity>
<targetCardinalityString>*</targetCardinalityString>
<targetEntity>E6B915A8-8135-B511-7FA8-B74A857CAA1D</targetEntity>
<transferable>true</transferable>
<deleteRule>NO ACTION</deleteRule>
</Relation>