<?xml version = '1.0' encoding = 'UTF-8'?>
<Relation class="oracle.dbtools.crest.model.design.logical.Relation" name="Relation_4" directorySegmentName="seg_0" id="5562CA8C-D3CC-C994-CB69-7C1AC0378579">
<createdBy>Kelly</createdBy>
<createdTime>2020-05-04 23:17:50 UTC</createdTime>
<ownerDesignName>BD MODELO LÓGICO</ownerDesignName>
<engineerTo>
<item key="58C13B34-10D9-FEA3-9EB1-E618304E6611" value="true"/>
</engineerTo>
<identifying>false</identifying>
<optionalSource>true</optionalSource>
<optionalTarget>false</optionalTarget>
<sourceCardinality>1</sourceCardinality>
<sourceEntity>7E6E358B-D6DB-65B9-2117-E3DE10BD3E6E</sourceEntity>
<targetCardinalityString>*</targetCardinalityString>
<targetEntity>4E600BB3-EB6E-3C5C-5B5D-9F41034891E6</targetEntity>
<transferable>true</transferable>
<deleteRule>NO ACTION</deleteRule>
</Relation>