<?xml version = '1.0' encoding = 'UTF-8'?>
<Relation class="oracle.dbtools.crest.model.design.logical.Relation" name="Relation_6" directorySegmentName="seg_0" id="78BA5951-1784-026B-F848-8C5BC56C09B4">
<createdBy>Kelly</createdBy>
<createdTime>2020-05-04 23:19:39 UTC</createdTime>
<ownerDesignName>BD MODELO LÓGICO</ownerDesignName>
<engineerTo>
<item key="58C13B34-10D9-FEA3-9EB1-E618304E6611" value="true"/>
</engineerTo>
<identifying>false</identifying>
<optionalSource>true</optionalSource>
<optionalTarget>true</optionalTarget>
<sourceCardinality>*</sourceCardinality>
<sourceEntity>4E600BB3-EB6E-3C5C-5B5D-9F41034891E6</sourceEntity>
<targetCardinalityString>1</targetCardinalityString>
<targetEntity>FB9804B8-53E4-4478-3A9A-485E1B1D252A</targetEntity>
<transferable>true</transferable>
<deleteRule>NO ACTION</deleteRule>
</Relation>