<?xml version = '1.0' encoding = 'UTF-8'?>
<Relation class="oracle.dbtools.crest.model.design.logical.Relation" name="Relation_12" directorySegmentName="seg_0" id="88BB313B-6455-0D3A-9F7D-469FB06F340C">
<createdBy>Kelly</createdBy>
<createdTime>2020-05-04 23:25:25 UTC</createdTime>
<ownerDesignName>BD MODELO LÓGICO</ownerDesignName>
<engineerTo>
<item key="58C13B34-10D9-FEA3-9EB1-E618304E6611" value="true"/>
</engineerTo>
<identifying>false</identifying>
<optionalSource>true</optionalSource>
<optionalTarget>false</optionalTarget>
<sourceCardinality>1</sourceCardinality>
<sourceEntity>E111EB5B-8887-0098-DC2D-2ED5BF6DB82A</sourceEntity>
<targetCardinalityString>*</targetCardinalityString>
<targetEntity>33026346-0554-2AAC-ADBB-70675D101CBE</targetEntity>
<transferable>true</transferable>
<deleteRule>NO ACTION</deleteRule>
</Relation>