<?xml version = '1.0' encoding = 'UTF-8'?>
<Relation class="oracle.dbtools.crest.model.design.logical.Relation" name="Relation_7" directorySegmentName="seg_0" id="E5E24F9B-D2DD-1D6E-8641-6EC30E9C9C03">
<createdBy>Kelly</createdBy>
<createdTime>2020-05-04 23:20:52 UTC</createdTime>
<ownerDesignName>BD MODELO LÓGICO</ownerDesignName>
<engineerTo>
<item key="58C13B34-10D9-FEA3-9EB1-E618304E6611" value="true"/>
</engineerTo>
<identifying>false</identifying>
<optionalSource>true</optionalSource>
<optionalTarget>true</optionalTarget>
<sourceCardinality>1</sourceCardinality>
<sourceEntity>FB9804B8-53E4-4478-3A9A-485E1B1D252A</sourceEntity>
<targetCardinalityString>*</targetCardinalityString>
<targetEntity>33026346-0554-2AAC-ADBB-70675D101CBE</targetEntity>
<transferable>true</transferable>
<deleteRule>NO ACTION</deleteRule>
</Relation>