<?xml version = '1.0' encoding = 'UTF-8'?>
<Relation class="oracle.dbtools.crest.model.design.logical.Relation" name="Relation_8" directorySegmentName="seg_0" id="EB4BCFB4-97D3-767C-09BD-4964C9F30382">
<createdBy>Kelly</createdBy>
<createdTime>2020-05-04 23:22:19 UTC</createdTime>
<ownerDesignName>BD MODELO LÓGICO</ownerDesignName>
<engineerTo>
<item key="58C13B34-10D9-FEA3-9EB1-E618304E6611" value="true"/>
</engineerTo>
<identifying>false</identifying>
<optionalSource>false</optionalSource>
<optionalTarget>false</optionalTarget>
<sourceCardinality>1</sourceCardinality>
<sourceEntity>4E600BB3-EB6E-3C5C-5B5D-9F41034891E6</sourceEntity>
<targetCardinalityString>*</targetCardinalityString>
<targetEntity>E6B915A8-8135-B511-7FA8-B74A857CAA1D</targetEntity>
<transferable>true</transferable>
<deleteRule>NO ACTION</deleteRule>
</Relation>