<?xml version = '1.0' encoding = 'UTF-8'?>
<Relation class="oracle.dbtools.crest.model.design.logical.Relation" name="Relation_5" directorySegmentName="seg_0" id="FF5C9D47-CDB2-6DC8-6085-210776F9D5FC">
<createdBy>Kelly</createdBy>
<createdTime>2020-05-04 23:18:49 UTC</createdTime>
<ownerDesignName>BD MODELO LÓGICO</ownerDesignName>
<engineerTo>
<item key="58C13B34-10D9-FEA3-9EB1-E618304E6611" value="true"/>
</engineerTo>
<identifying>false</identifying>
<optionalSource>true</optionalSource>
<optionalTarget>false</optionalTarget>
<sourceCardinality>1</sourceCardinality>
<sourceEntity>7E6E358B-D6DB-65B9-2117-E3DE10BD3E6E</sourceEntity>
<targetCardinalityString>*</targetCardinalityString>
<targetEntity>33026346-0554-2AAC-ADBB-70675D101CBE</targetEntity>
<transferable>true</transferable>
<deleteRule>NO ACTION</deleteRule>
</Relation>