<?xml version = '1.0' encoding = 'UTF-8'?>
<relationalModel class="oracle.dbtools.crest.model.design.relational.RelationalDesign" name="Relational_1" id="58C13B34-10D9-FEA3-9EB1-E618304E6611" mainViewID="7F5912BA-17D3-8770-2D2A-A29419A9E5A0">
<createdBy>Kelly</createdBy>
<createdTime>2020-05-04 22:47:49 UTC</createdTime>
<ownerDesignName>BD MODELO LÓGICO</ownerDesignName>
<shouldBeOpen>false</shouldBeOpen>
<selectedRDBMSSite>32076570-2523-435C-2E92-BF29817DFF70</selectedRDBMSSite>
</relationalModel>