<?xml version = '1.0' encoding = 'UTF-8'?>
<Relation class="oracle.dbtools.crest.model.design.logical.Relation" name="Funcionario_Aluguel" directorySegmentName="seg_0" id="33229E99-6BAA-ACBD-54EE-D5A768B87596">
<createdBy>usuario</createdBy>
<createdTime>2020-04-10 16:14:59 UTC</createdTime>
<ownerDesignName>projeto modelo conceitual final</ownerDesignName>
<engineerTo>
<item key="3C7114D9-C894-B0EE-B5A9-BCE68A23BCBD" value="true"/>
</engineerTo>
<identifying>false</identifying>
<optionalSource>true</optionalSource>
<optionalTarget>false</optionalTarget>
<sourceCardinality>1</sourceCardinality>
<sourceEntity>2765B59E-683A-5841-F5D9-9165F877F618</sourceEntity>
<targetCardinalityString>*</targetCardinalityString>
<targetEntity>4EA16A75-3793-81ED-BAE5-3F86F1E2A7F3</targetEntity>
<transferable>true</transferable>
<deleteRule>NO ACTION</deleteRule>
</Relation>