<?xml version = '1.0' encoding = 'UTF-8'?>
<Relation class="oracle.dbtools.crest.model.design.logical.Relation" name="Cliente_Venda" directorySegmentName="seg_0" id="33CDAA5A-D45B-61B5-8845-22328126AF32">
<createdBy>usuario</createdBy>
<createdTime>2020-04-10 16:12:23 UTC</createdTime>
<ownerDesignName>projeto modelo conceitual final</ownerDesignName>
<engineerTo>
<item key="3C7114D9-C894-B0EE-B5A9-BCE68A23BCBD" value="true"/>
</engineerTo>
<identifying>false</identifying>
<optionalSource>true</optionalSource>
<optionalTarget>false</optionalTarget>
<sourceCardinality>1</sourceCardinality>
<sourceEntity>4A36AFF8-FA3A-27F1-46E5-64822E7B44A9</sourceEntity>
<targetCardinalityString>*</targetCardinalityString>
<targetEntity>54B53F36-2457-4BEB-E83C-0810A8616B56</targetEntity>
<transferable>true</transferable>
<deleteRule>NO ACTION</deleteRule>
</Relation>