<?xml version = '1.0' encoding = 'UTF-8'?>
<Relation class="oracle.dbtools.crest.model.design.logical.Relation" name="Venda_Produto_Venda" directorySegmentName="seg_0" id="61E15B8D-1EA3-F8AD-985D-DB0AF21A1828">
<createdBy>usuario</createdBy>
<createdTime>2020-04-10 16:17:55 UTC</createdTime>
<ownerDesignName>projeto modelo conceitual final</ownerDesignName>
<engineerTo>
<item key="3C7114D9-C894-B0EE-B5A9-BCE68A23BCBD" value="true"/>
</engineerTo>
<identifying>false</identifying>
<optionalSource>false</optionalSource>
<optionalTarget>false</optionalTarget>
<sourceCardinality>1</sourceCardinality>
<sourceEntity>54B53F36-2457-4BEB-E83C-0810A8616B56</sourceEntity>
<targetCardinalityString>*</targetCardinalityString>
<targetEntity>39D26D21-9D8D-F5BD-3292-282DB1A6EA1F</targetEntity>
<transferable>true</transferable>
<deleteRule>NO ACTION</deleteRule>
</Relation>