<?xml version = '1.0' encoding = 'UTF-8'?>
<Relation class="oracle.dbtools.crest.model.design.logical.Relation" name="Computador_Aluguel" directorySegmentName="seg_0" id="6B258DC0-D30C-F126-44FD-EFD8383A7C58">
<createdBy>usuario</createdBy>
<createdTime>2020-04-10 16:14:19 UTC</createdTime>
<ownerDesignName>projeto modelo conceitual final</ownerDesignName>
<engineerTo>
<item key="3C7114D9-C894-B0EE-B5A9-BCE68A23BCBD" value="true"/>
</engineerTo>
<identifying>false</identifying>
<optionalSource>true</optionalSource>
<optionalTarget>false</optionalTarget>
<sourceCardinality>1</sourceCardinality>
<sourceEntity>C95CFFE6-F738-CDA2-CDA5-09BF6169FE74</sourceEntity>
<targetCardinalityString>*</targetCardinalityString>
<targetEntity>4EA16A75-3793-81ED-BAE5-3F86F1E2A7F3</targetEntity>
<transferable>true</transferable>
<deleteRule>NO ACTION</deleteRule>
</Relation>