<?xml version = '1.0' encoding = 'UTF-8'?>
<Relation class="oracle.dbtools.crest.model.design.logical.Relation" name="Cliente_Aluguel" directorySegmentName="seg_0" id="ADF964BE-4FA2-E117-CDEE-D07A21557253">
<createdBy>usuario</createdBy>
<createdTime>2020-04-10 16:13:29 UTC</createdTime>
<ownerDesignName>projeto modelo conceitual final</ownerDesignName>
<engineerTo>
<item key="3C7114D9-C894-B0EE-B5A9-BCE68A23BCBD" value="true"/>
</engineerTo>
<identifying>false</identifying>
<optionalSource>true</optionalSource>
<optionalTarget>false</optionalTarget>
<sourceCardinality>1</sourceCardinality>
<sourceEntity>4A36AFF8-FA3A-27F1-46E5-64822E7B44A9</sourceEntity>
<targetCardinalityString>*</targetCardinalityString>
<targetEntity>4EA16A75-3793-81ED-BAE5-3F86F1E2A7F3</targetEntity>
<transferable>true</transferable>
<deleteRule>NO ACTION</deleteRule>
</Relation>