<?xml version = '1.0' encoding = 'UTF-8'?>
<Relation class="oracle.dbtools.crest.model.design.logical.Relation" name="Funcionario_Venda" directorySegmentName="seg_0" id="B95F7570-A811-6348-B895-745158FBCA4A">
<createdBy>usuario</createdBy>
<createdTime>2020-04-10 16:15:23 UTC</createdTime>
<ownerDesignName>projeto modelo conceitual final</ownerDesignName>
<engineerTo>
<item key="3C7114D9-C894-B0EE-B5A9-BCE68A23BCBD" value="true"/>
</engineerTo>
<identifying>false</identifying>
<optionalSource>true</optionalSource>
<optionalTarget>true</optionalTarget>
<sourceCardinality>1</sourceCardinality>
<sourceEntity>2765B59E-683A-5841-F5D9-9165F877F618</sourceEntity>
<targetCardinalityString>*</targetCardinalityString>
<targetEntity>54B53F36-2457-4BEB-E83C-0810A8616B56</targetEntity>
<transferable>true</transferable>
<deleteRule>NO ACTION</deleteRule>
</Relation>