<?xml version = '1.0' encoding = 'UTF-8'?>
<Relation class="oracle.dbtools.crest.model.design.logical.Relation" name="Pruto_Produto_Venda" directorySegmentName="seg_0" id="C8922E99-39C0-9441-1CDE-328D63D9E884">
<createdBy>usuario</createdBy>
<createdTime>2020-04-10 16:20:02 UTC</createdTime>
<ownerDesignName>projeto modelo conceitual final</ownerDesignName>
<engineerTo>
<item key="3C7114D9-C894-B0EE-B5A9-BCE68A23BCBD" value="true"/>
</engineerTo>
<identifying>false</identifying>
<optionalSource>true</optionalSource>
<optionalTarget>false</optionalTarget>
<sourceCardinality>1</sourceCardinality>
<sourceEntity>42207770-0C0F-8476-3E69-6471676208EB</sourceEntity>
<targetCardinalityString>*</targetCardinalityString>
<targetEntity>39D26D21-9D8D-F5BD-3292-282DB1A6EA1F</targetEntity>
<transferable>true</transferable>
<deleteRule>NO ACTION</deleteRule>
</Relation>