<?xml version = '1.0' encoding = 'UTF-8'?>
<Diagram class="oracle.dbtools.crest.swingui.logical.DPVLogical" name="Logical" id="B4FC76D8-EAE6-57BE-C866-5049F9D93294">
<createdBy>Kelly</createdBy>
<modifiedBy>Kelly</modifiedBy>
<createdTime>2020-05-04 23:03:36 UTC</createdTime>
<autoRoute>false</autoRoute>
<boxInbox>true</boxInbox>
<showLegend>false</showLegend>
<showLabels>false</showLabels>
<showRelAttributes>false</showRelAttributes>
<gridEnabled>false</gridEnabled>
<showGrid>false</showGrid>
<diagramColor>-1</diagramColor>
<display>false</display>
<notation>1</notation>
<objectViews>
<OView class="oracle.dbtools.crest.swingui.logical.TVEntity" oid="173300DA-1E0F-128B-D408-9CB8C3DD4091" otype="Entity" vid="7817A4B1-B818-0BD9-AD1D-F0893562CEDD">
<hideElementsInCurrentOnly>false</hideElementsInCurrentOnly>
<bounds x="0" y="336" width="148" height="93"/>
</OView>
<OView class="oracle.dbtools.crest.swingui.logical.TVEntity" oid="33026346-0554-2AAC-ADBB-70675D101CBE" otype="Entity" vid="3C61DFD6-A34E-BF80-F10C-7752FC244855">
<hideElementsInCurrentOnly>false</hideElementsInCurrentOnly>
<bounds x="436" y="115" width="156" height="95"/>
</OView>
<OView class="oracle.dbtools.crest.swingui.logical.TVEntity" oid="4E600BB3-EB6E-3C5C-5B5D-9F41034891E6" otype="Entity" vid="4061B15A-C4F5-DE20-3FB9-07DD31E2E1BC">
<hideElementsInCurrentOnly>false</hideElementsInCurrentOnly>
<bounds x="216" y="119" width="156" height="95"/>
</OView>
<OView class="oracle.dbtools.crest.swingui.logical.TVEntity" oid="7E6E358B-D6DB-65B9-2117-E3DE10BD3E6E" otype="Entity" vid="36032DC1-4014-E923-2DEE-A6669FC059CC">
<hideElementsInCurrentOnly>false</hideElementsInCurrentOnly>
<bounds x="330" y="13" width="153" height="93"/>
</OView>
<OView class="oracle.dbtools.crest.swingui.logical.TVEntity" oid="E111EB5B-8887-0098-DC2D-2ED5BF6DB82A" otype="Entity" vid="254B5B0D-8714-56C3-7396-A5B56E8FF19C">
<hideElementsInCurrentOnly>false</hideElementsInCurrentOnly>
<bounds x="560" y="222" width="152" height="97"/>
</OView>
<OView class="oracle.dbtools.crest.swingui.logical.TVEntity" oid="E6B915A8-8135-B511-7FA8-B74A857CAA1D" otype="Entity" vid="6B897862-9C05-77BB-5D9E-D796C3AB108A">
<hideElementsInCurrentOnly>false</hideElementsInCurrentOnly>
<bounds x="104" y="221" width="151" height="95"/>
</OView>
<OView class="oracle.dbtools.crest.swingui.logical.TVEntity" oid="FB9804B8-53E4-4478-3A9A-485E1B1D252A" otype="Entity" vid="078C9234-CED9-2A70-48B8-9ADD10DAEAED">
<hideElementsInCurrentOnly>false</hideElementsInCurrentOnly>
<bounds x="343" y="231" width="154" height="97"/>
</OView>
</objectViews>
<connectors>
<Connector class="oracle.dbtools.crest.swingui.logical.TVRelation" oid="21DC85E5-9D5C-7937-9465-F84A37F49D88" otype="Relation" vid_source="7817A4B1-B818-0BD9-AD1D-F0893562CEDD" vid_target="6B897862-9C05-77BB-5D9E-D796C3AB108A">
<hideElementsInCurrentOnly>false</hideElementsInCurrentOnly>
<backgroundColor>-16777216</backgroundColor>
<lineWidth>1</lineWidth>
<points>
<point x="78" y="336"/>
<point x="78" y="268"/>
<point x="104" y="268"/>
</points>
</Connector>
<Connector class="oracle.dbtools.crest.swingui.logical.TVRelation" oid="5562CA8C-D3CC-C994-CB69-7C1AC0378579" otype="Relation" vid_source="36032DC1-4014-E923-2DEE-A6669FC059CC" vid_target="4061B15A-C4F5-DE20-3FB9-07DD31E2E1BC">
<hideElementsInCurrentOnly>false</hideElementsInCurrentOnly>
<backgroundColor>-16777216</backgroundColor>
<lineWidth>1</lineWidth>
<points>
<point x="330" y="73"/>
<point x="292" y="73"/>
<point x="292" y="119"/>
</points>
</Connector>
<Connector class="oracle.dbtools.crest.swingui.logical.TVRelation" oid="78BA5951-1784-026B-F848-8C5BC56C09B4" otype="Relation" vid_source="4061B15A-C4F5-DE20-3FB9-07DD31E2E1BC" vid_target="078C9234-CED9-2A70-48B8-9ADD10DAEAED">
<hideElementsInCurrentOnly>false</hideElementsInCurrentOnly>
<backgroundColor>-16777216</backgroundColor>
<lineWidth>1</lineWidth>
<points>
<point x="296" y="214"/>
<point x="296" y="283"/>
<point x="343" y="283"/>
</points>
</Connector>
<Connector class="oracle.dbtools.crest.swingui.logical.TVRelation" oid="88BB313B-6455-0D3A-9F7D-469FB06F340C" otype="Relation" vid_source="254B5B0D-8714-56C3-7396-A5B56E8FF19C" vid_target="3C61DFD6-A34E-BF80-F10C-7752FC244855">
<hideElementsInCurrentOnly>false</hideElementsInCurrentOnly>
<backgroundColor>-16777216</backgroundColor>
<lineWidth>1</lineWidth>
<points>
<point x="639" y="222"/>
<point x="639" y="181"/>
<point x="592" y="181"/>
</points>
</Connector>
<Connector class="oracle.dbtools.crest.swingui.logical.TVRelation" oid="E5E24F9B-D2DD-1D6E-8641-6EC30E9C9C03" otype="Relation" vid_source="078C9234-CED9-2A70-48B8-9ADD10DAEAED" vid_target="3C61DFD6-A34E-BF80-F10C-7752FC244855">
<hideElementsInCurrentOnly>false</hideElementsInCurrentOnly>
<backgroundColor>-16777216</backgroundColor>
<lineWidth>1</lineWidth>
<points>
<point x="497" y="287"/>
<point x="528" y="287"/>
<point x="528" y="210"/>
</points>
</Connector>
<Connector class="oracle.dbtools.crest.swingui.logical.TVRelation" oid="EB4BCFB4-97D3-767C-09BD-4964C9F30382" otype="Relation" vid_source="4061B15A-C4F5-DE20-3FB9-07DD31E2E1BC" vid_target="6B897862-9C05-77BB-5D9E-D796C3AB108A">
<hideElementsInCurrentOnly>false</hideElementsInCurrentOnly>
<backgroundColor>-16777216</backgroundColor>
<lineWidth>1</lineWidth>
<points>
<point x="216" y="165"/>
<point x="182" y="165"/>
<point x="182" y="221"/>
</points>
</Connector>
<Connector class="oracle.dbtools.crest.swingui.logical.TVRelation" oid="FF5C9D47-CDB2-6DC8-6085-210776F9D5FC" otype="Relation" vid_source="36032DC1-4014-E923-2DEE-A6669FC059CC" vid_target="3C61DFD6-A34E-BF80-F10C-7752FC244855">
<hideElementsInCurrentOnly>false</hideElementsInCurrentOnly>
<backgroundColor>-16777216</backgroundColor>
<lineWidth>1</lineWidth>
<points>
<point x="483" y="74"/>
<point x="507" y="74"/>
<point x="507" y="115"/>
</points>
</Connector>
</connectors>
</Diagram>