<?xml version = '1.0' encoding = 'UTF-8'?>
<Relation class="oracle.dbtools.crest.model.design.logical.Relation" name="Funcionario_Aluguel" directorySegmentName="seg_0" id="01ACFB00-A979-72E2-5FBF-3E8ECAE86E7E">
<createdBy>usuario</createdBy>
<createdTime>2020-04-10 21:40:00 UTC</createdTime>
<ownerDesignName>Modelo Conceitual </ownerDesignName>
<engineerTo>
<item key="3C7114D9-C894-B0EE-B5A9-BCE68A23BCBD" value="true"/>
</engineerTo>
<identifying>false</identifying>
<optionalSource>true</optionalSource>
<optionalTarget>false</optionalTarget>
<sourceCardinality>1</sourceCardinality>
<sourceEntity>2765B59E-683A-5841-F5D9-9165F877F618</sourceEntity>
<targetCardinalityString>*</targetCardinalityString>
<targetEntity>4B457332-A2F4-73CC-AA51-AC1DF4EDD79E</targetEntity>
<transferable>true</transferable>
<deleteRule>NO ACTION</deleteRule>
</Relation>