<?xml version = '1.0' encoding = 'UTF-8'?>
<Relation class="oracle.dbtools.crest.model.design.logical.Relation" name="Cliente_Aluguel" directorySegmentName="seg_0" id="3856E5AC-1966-8AAA-8E6F-FF79416C083E">
<createdBy>usuario</createdBy>
<createdTime>2020-04-10 21:39:09 UTC</createdTime>
<ownerDesignName>Modelo Conceitual </ownerDesignName>
<engineerTo>
<item key="3C7114D9-C894-B0EE-B5A9-BCE68A23BCBD" value="true"/>
</engineerTo>
<identifying>false</identifying>
<optionalSource>true</optionalSource>
<optionalTarget>false</optionalTarget>
<sourceCardinality>1</sourceCardinality>
<sourceEntity>4A36AFF8-FA3A-27F1-46E5-64822E7B44A9</sourceEntity>
<targetCardinalityString>*</targetCardinalityString>
<targetEntity>4B457332-A2F4-73CC-AA51-AC1DF4EDD79E</targetEntity>
<transferable>true</transferable>
<deleteRule>NO ACTION</deleteRule>
</Relation>