<?xml version = '1.0' encoding = 'UTF-8'?>
<Relation class="oracle.dbtools.crest.model.design.logical.Relation" name="Produto_Produto_Venda" directorySegmentName="seg_0" id="5D242C32-D141-2132-C207-AB4D824F8AC7">
<createdBy>usuario</createdBy>
<createdTime>2020-04-10 21:42:25 UTC</createdTime>
<ownerDesignName>Modelo Conceitual </ownerDesignName>
<engineerTo>
<item key="3C7114D9-C894-B0EE-B5A9-BCE68A23BCBD" value="true"/>
</engineerTo>
<identifying>false</identifying>
<optionalSource>true</optionalSource>
<optionalTarget>false</optionalTarget>
<sourceCardinality>1</sourceCardinality>
<sourceEntity>42207770-0C0F-8476-3E69-6471676208EB</sourceEntity>
<targetCardinalityString>*</targetCardinalityString>
<targetEntity>510820E8-E715-8BE6-2797-6F1BAC322679</targetEntity>
<transferable>true</transferable>
<deleteRule>NO ACTION</deleteRule>
</Relation>