<?xml version = '1.0' encoding = 'UTF-8'?>
<Relation class="oracle.dbtools.crest.model.design.logical.Relation" name="Venda_Pruduto_Venda" directorySegmentName="seg_0" id="6D8AAA79-4295-18BF-FE0E-6276EFAB08A4">
<createdBy>usuario</createdBy>
<createdTime>2020-04-10 21:41:26 UTC</createdTime>
<ownerDesignName>Modelo Conceitual </ownerDesignName>
<engineerTo>
<item key="3C7114D9-C894-B0EE-B5A9-BCE68A23BCBD" value="true"/>
</engineerTo>
<identifying>false</identifying>
<optionalSource>false</optionalSource>
<optionalTarget>false</optionalTarget>
<sourceCardinality>1</sourceCardinality>
<sourceEntity>54B53F36-2457-4BEB-E83C-0810A8616B56</sourceEntity>
<targetCardinalityString>*</targetCardinalityString>
<targetEntity>510820E8-E715-8BE6-2797-6F1BAC322679</targetEntity>
<transferable>true</transferable>
<deleteRule>NO ACTION</deleteRule>
</Relation>