<?xml version = '1.0' encoding = 'UTF-8'?>
<Relation class="oracle.dbtools.crest.model.design.logical.Relation" name="Computador_Aluguel" directorySegmentName="seg_0" id="E90508F9-91A0-233B-DE2B-F012013636F9">
<createdBy>usuario</createdBy>
<createdTime>2020-04-10 21:39:35 UTC</createdTime>
<ownerDesignName>Modelo Conceitual </ownerDesignName>
<engineerTo>
<item key="3C7114D9-C894-B0EE-B5A9-BCE68A23BCBD" value="true"/>
</engineerTo>
<identifying>false</identifying>
<optionalSource>true</optionalSource>
<optionalTarget>false</optionalTarget>
<sourceCardinality>1</sourceCardinality>
<sourceEntity>8290F0A7-9CDC-FB83-EAC1-E6DAF27C1BEB</sourceEntity>
<targetCardinalityString>*</targetCardinalityString>
<targetEntity>4B457332-A2F4-73CC-AA51-AC1DF4EDD79E</targetEntity>
<transferable>true</transferable>
<deleteRule>NO ACTION</deleteRule>
</Relation>