<?xml version = '1.0' encoding = 'UTF-8'?>
<Diagram class="oracle.dbtools.crest.swingui.logical.DPVLogical" name="Logical" id="4C8F232A-A723-3B42-CB88-9313D60DC7C8">
<createdBy>usuario</createdBy>
<modifiedBy>usuario</modifiedBy>
<createdTime>2020-04-03 01:40:39 UTC</createdTime>
<autoRoute>false</autoRoute>
<boxInbox>true</boxInbox>
<showLegend>false</showLegend>
<showLabels>false</showLabels>
<showRelAttributes>false</showRelAttributes>
<gridEnabled>false</gridEnabled>
<showGrid>false</showGrid>
<diagramColor>-1</diagramColor>
<display>false</display>
<notation>1</notation>
<objectViews>
<OView class="oracle.dbtools.crest.swingui.logical.TVEntity" oid="2765B59E-683A-5841-F5D9-9165F877F618" otype="Entity" vid="AC597F48-E750-C332-9AF2-5F20B5B3407B">
<hideElementsInCurrentOnly>false</hideElementsInCurrentOnly>
<bounds x="833" y="443" width="236" height="136"/>
</OView>
<OView class="oracle.dbtools.crest.swingui.logical.TVEntity" oid="39D26D21-9D8D-F5BD-3292-282DB1A6EA1F" otype="Entity" vid="0707D76C-AFD1-1946-29C6-BE4420FB61D0">
<hideElementsInCurrentOnly>false</hideElementsInCurrentOnly>
<bounds x="471" y="237" width="196" height="129"/>
</OView>
<OView class="oracle.dbtools.crest.swingui.logical.TVEntity" oid="42207770-0C0F-8476-3E69-6471676208EB" otype="Entity" vid="9B8A7958-46E7-4776-48DD-F7BD5CD3B946">
<hideElementsInCurrentOnly>false</hideElementsInCurrentOnly>
<bounds x="205" y="244" width="192" height="121"/>
</OView>
<OView class="oracle.dbtools.crest.swingui.logical.TVEntity" oid="4A36AFF8-FA3A-27F1-46E5-64822E7B44A9" otype="Entity" vid="B557AC76-CFBE-F3FB-9C70-FD734DAF91FF">
<hideElementsInCurrentOnly>false</hideElementsInCurrentOnly>
<bounds x="808" y="19" width="317" height="146"/>
</OView>
<OView class="oracle.dbtools.crest.swingui.logical.TVEntity" oid="4EA16A75-3793-81ED-BAE5-3F86F1E2A7F3" otype="Entity" vid="12CF8565-2E83-E871-EA57-7825A7FB2EC6">
<hideElementsInCurrentOnly>false</hideElementsInCurrentOnly>
<bounds x="988" y="243" width="214" height="126"/>
</OView>
<OView class="oracle.dbtools.crest.swingui.logical.TVEntity" oid="54B53F36-2457-4BEB-E83C-0810A8616B56" otype="Entity" vid="93BA3A28-3658-FA2B-966B-7F7F74F4C4E3">
<hideElementsInCurrentOnly>false</hideElementsInCurrentOnly>
<bounds x="738" y="238" width="193" height="130"/>
</OView>
<OView class="oracle.dbtools.crest.swingui.logical.TVEntity" oid="C95CFFE6-F738-CDA2-CDA5-09BF6169FE74" otype="Entity" vid="59A0040A-77BB-8DAE-70D7-B8E75791450E">
<hideElementsInCurrentOnly>false</hideElementsInCurrentOnly>
<bounds x="1320" y="247" width="223" height="122"/>
</OView>
</objectViews>
<connectors>
<Connector class="oracle.dbtools.crest.swingui.logical.TVRelation" oid="33229E99-6BAA-ACBD-54EE-D5A768B87596" otype="Relation" vid_source="AC597F48-E750-C332-9AF2-5F20B5B3407B" vid_target="12CF8565-2E83-E871-EA57-7825A7FB2EC6">
<hideElementsInCurrentOnly>false</hideElementsInCurrentOnly>
<backgroundColor>-16777216</backgroundColor>
<lineWidth>1</lineWidth>
<points>
<point x="1028" y="443"/>
<point x="1028" y="369"/>
</points>
</Connector>
<Connector class="oracle.dbtools.crest.swingui.logical.TVRelation" oid="33CDAA5A-D45B-61B5-8845-22328126AF32" otype="Relation" vid_source="B557AC76-CFBE-F3FB-9C70-FD734DAF91FF" vid_target="93BA3A28-3658-FA2B-966B-7F7F74F4C4E3">
<hideElementsInCurrentOnly>false</hideElementsInCurrentOnly>
<backgroundColor>-16777216</backgroundColor>
<lineWidth>1</lineWidth>
<points>
<point x="869" y="165"/>
<point x="869" y="238"/>
</points>
</Connector>
<Connector class="oracle.dbtools.crest.swingui.logical.TVRelation" oid="61E15B8D-1EA3-F8AD-985D-DB0AF21A1828" otype="Relation" vid_source="93BA3A28-3658-FA2B-966B-7F7F74F4C4E3" vid_target="0707D76C-AFD1-1946-29C6-BE4420FB61D0">
<hideElementsInCurrentOnly>false</hideElementsInCurrentOnly>
<backgroundColor>-16777216</backgroundColor>
<lineWidth>1</lineWidth>
<points>
<point x="738" y="302"/>
<point x="667" y="302"/>
</points>
</Connector>
<Connector class="oracle.dbtools.crest.swingui.logical.TVRelation" oid="6B258DC0-D30C-F126-44FD-EFD8383A7C58" otype="Relation" vid_source="59A0040A-77BB-8DAE-70D7-B8E75791450E" vid_target="12CF8565-2E83-E871-EA57-7825A7FB2EC6">
<hideElementsInCurrentOnly>false</hideElementsInCurrentOnly>
<backgroundColor>-16777216</backgroundColor>
<lineWidth>1</lineWidth>
<points>
<point x="1320" y="308"/>
<point x="1202" y="308"/>
</points>
</Connector>
<Connector class="oracle.dbtools.crest.swingui.logical.TVRelation" oid="ADF964BE-4FA2-E117-CDEE-D07A21557253" otype="Relation" vid_source="B557AC76-CFBE-F3FB-9C70-FD734DAF91FF" vid_target="12CF8565-2E83-E871-EA57-7825A7FB2EC6">
<hideElementsInCurrentOnly>false</hideElementsInCurrentOnly>
<backgroundColor>-16777216</backgroundColor>
<lineWidth>1</lineWidth>
<points>
<point x="1056" y="165"/>
<point x="1056" y="243"/>
</points>
</Connector>
<Connector class="oracle.dbtools.crest.swingui.logical.TVRelation" oid="B95F7570-A811-6348-B895-745158FBCA4A" otype="Relation" vid_source="AC597F48-E750-C332-9AF2-5F20B5B3407B" vid_target="93BA3A28-3658-FA2B-966B-7F7F74F4C4E3">
<hideElementsInCurrentOnly>false</hideElementsInCurrentOnly>
<backgroundColor>-16777216</backgroundColor>
<lineWidth>1</lineWidth>
<points>
<point x="882" y="443"/>
<point x="882" y="368"/>
</points>
</Connector>
<Connector class="oracle.dbtools.crest.swingui.logical.TVRelation" oid="C8922E99-39C0-9441-1CDE-328D63D9E884" otype="Relation" vid_source="9B8A7958-46E7-4776-48DD-F7BD5CD3B946" vid_target="0707D76C-AFD1-1946-29C6-BE4420FB61D0">
<hideElementsInCurrentOnly>false</hideElementsInCurrentOnly>
<backgroundColor>-16777216</backgroundColor>
<lineWidth>1</lineWidth>
<points>
<point x="397" y="304"/>
<point x="471" y="304"/>
</points>
</Connector>
</connectors>
</Diagram>