<?xml version = '1.0' encoding = 'UTF-8'?>
<relationalModel class="oracle.dbtools.crest.model.design.relational.RelationalDesign" name="Relational_1" id="3C7114D9-C894-B0EE-B5A9-BCE68A23BCBD" mainViewID="3D2EB80D-4FC5-032E-ADDA-84575C7CC305">
<createdBy>usuario</createdBy>
<createdTime>2020-04-03 01:39:53 UTC</createdTime>
<ownerDesignName>futurama conceitual</ownerDesignName>
<shouldBeOpen>true</shouldBeOpen>
<selectedRDBMSSite>32076570-2523-435C-2E92-BF29817DFF70</selectedRDBMSSite>
</relationalModel>