<?xml version = '1.0' encoding = 'UTF-8'?>
<Diagram class="oracle.dbtools.crest.swingui.logical.DPVLogical" name="Logical" id="4C8F232A-A723-3B42-CB88-9313D60DC7C8">
<createdBy>usuario</createdBy>
<modifiedBy>usuario</modifiedBy>
<createdTime>2020-04-03 01:40:39 UTC</createdTime>
<autoRoute>false</autoRoute>
<boxInbox>true</boxInbox>
<showLegend>false</showLegend>
<showLabels>false</showLabels>
<showRelAttributes>false</showRelAttributes>
<gridEnabled>false</gridEnabled>
<showGrid>false</showGrid>
<diagramColor>-1</diagramColor>
<display>false</display>
<notation>1</notation>
<objectViews>
<OView class="oracle.dbtools.crest.swingui.logical.TVEntity" oid="2765B59E-683A-5841-F5D9-9165F877F618" otype="Entity" vid="AC597F48-E750-C332-9AF2-5F20B5B3407B">
<hideElementsInCurrentOnly>false</hideElementsInCurrentOnly>
<bounds x="804" y="481" width="275" height="128"/>
</OView>
<OView class="oracle.dbtools.crest.swingui.logical.TVEntity" oid="42207770-0C0F-8476-3E69-6471676208EB" otype="Entity" vid="9B8A7958-46E7-4776-48DD-F7BD5CD3B946">
<hideElementsInCurrentOnly>false</hideElementsInCurrentOnly>
<bounds x="63" y="269" width="212" height="122"/>
</OView>
<OView class="oracle.dbtools.crest.swingui.logical.TVEntity" oid="4A36AFF8-FA3A-27F1-46E5-64822E7B44A9" otype="Entity" vid="B557AC76-CFBE-F3FB-9C70-FD734DAF91FF">
<hideElementsInCurrentOnly>false</hideElementsInCurrentOnly>
<bounds x="719" y="53" width="383" height="141"/>
</OView>
<OView class="oracle.dbtools.crest.swingui.logical.TVEntity" oid="4B457332-A2F4-73CC-AA51-AC1DF4EDD79E" otype="Entity" vid="2C98BF00-3D38-EFE5-A693-AE62EC4289AF">
<hideElementsInCurrentOnly>false</hideElementsInCurrentOnly>
<bounds x="958" y="276" width="235" height="124"/>
</OView>
<OView class="oracle.dbtools.crest.swingui.logical.TVEntity" oid="510820E8-E715-8BE6-2797-6F1BAC322679" otype="Entity" vid="E491B0CA-90C1-C489-B483-D6255ECE243F">
<hideElementsInCurrentOnly>false</hideElementsInCurrentOnly>
<bounds x="379" y="270" width="192" height="121"/>
</OView>
<OView class="oracle.dbtools.crest.swingui.logical.TVEntity" oid="54B53F36-2457-4BEB-E83C-0810A8616B56" otype="Entity" vid="93BA3A28-3658-FA2B-966B-7F7F74F4C4E3">
<hideElementsInCurrentOnly>false</hideElementsInCurrentOnly>
<bounds x="664" y="270" width="216" height="128"/>
</OView>
<OView class="oracle.dbtools.crest.swingui.logical.TVEntity" oid="8290F0A7-9CDC-FB83-EAC1-E6DAF27C1BEB" otype="Entity" vid="67EFE515-F146-CB81-C4B9-6BB78E4A0D28">
<hideElementsInCurrentOnly>false</hideElementsInCurrentOnly>
<bounds x="1310" y="273" width="221" height="121"/>
</OView>
</objectViews>
<connectors>
<Connector class="oracle.dbtools.crest.swingui.logical.TVRelation" oid="01ACFB00-A979-72E2-5FBF-3E8ECAE86E7E" otype="Relation" vid_source="AC597F48-E750-C332-9AF2-5F20B5B3407B" vid_target="2C98BF00-3D38-EFE5-A693-AE62EC4289AF">
<hideElementsInCurrentOnly>false</hideElementsInCurrentOnly>
<backgroundColor>-16777216</backgroundColor>
<lineWidth>1</lineWidth>
<points>
<point x="1033" y="481"/>
<point x="1033" y="400"/>
</points>
</Connector>
<Connector class="oracle.dbtools.crest.swingui.logical.TVRelation" oid="10C6742B-7424-32F3-D613-D50274EC7ED0" otype="Relation" vid_source="AC597F48-E750-C332-9AF2-5F20B5B3407B" vid_target="93BA3A28-3658-FA2B-966B-7F7F74F4C4E3">
<hideElementsInCurrentOnly>false</hideElementsInCurrentOnly>
<backgroundColor>-16777216</backgroundColor>
<lineWidth>1</lineWidth>
<points>
<point x="857" y="481"/>
<point x="857" y="398"/>
</points>
</Connector>
<Connector class="oracle.dbtools.crest.swingui.logical.TVRelation" oid="314B9AD9-7CC9-F57F-C651-807785E29A29" otype="Relation" vid_source="B557AC76-CFBE-F3FB-9C70-FD734DAF91FF" vid_target="93BA3A28-3658-FA2B-966B-7F7F74F4C4E3">
<hideElementsInCurrentOnly>false</hideElementsInCurrentOnly>
<backgroundColor>-16777216</backgroundColor>
<lineWidth>1</lineWidth>
<points>
<point x="799" y="194"/>
<point x="799" y="270"/>
</points>
</Connector>
<Connector class="oracle.dbtools.crest.swingui.logical.TVRelation" oid="3856E5AC-1966-8AAA-8E6F-FF79416C083E" otype="Relation" vid_source="B557AC76-CFBE-F3FB-9C70-FD734DAF91FF" vid_target="2C98BF00-3D38-EFE5-A693-AE62EC4289AF">
<hideElementsInCurrentOnly>false</hideElementsInCurrentOnly>
<backgroundColor>-16777216</backgroundColor>
<lineWidth>1</lineWidth>
<points>
<point x="1030" y="194"/>
<point x="1030" y="276"/>
</points>
</Connector>
<Connector class="oracle.dbtools.crest.swingui.logical.TVRelation" oid="5D242C32-D141-2132-C207-AB4D824F8AC7" otype="Relation" vid_source="9B8A7958-46E7-4776-48DD-F7BD5CD3B946" vid_target="E491B0CA-90C1-C489-B483-D6255ECE243F">
<hideElementsInCurrentOnly>false</hideElementsInCurrentOnly>
<backgroundColor>-16777216</backgroundColor>
<lineWidth>1</lineWidth>
<points>
<point x="275" y="330"/>
<point x="379" y="330"/>
</points>
</Connector>
<Connector class="oracle.dbtools.crest.swingui.logical.TVRelation" oid="6D8AAA79-4295-18BF-FE0E-6276EFAB08A4" otype="Relation" vid_source="93BA3A28-3658-FA2B-966B-7F7F74F4C4E3" vid_target="E491B0CA-90C1-C489-B483-D6255ECE243F">
<hideElementsInCurrentOnly>false</hideElementsInCurrentOnly>
<backgroundColor>-16777216</backgroundColor>
<lineWidth>1</lineWidth>
<points>
<point x="664" y="330"/>
<point x="571" y="330"/>
</points>
</Connector>
<Connector class="oracle.dbtools.crest.swingui.logical.TVRelation" oid="E90508F9-91A0-233B-DE2B-F012013636F9" otype="Relation" vid_source="67EFE515-F146-CB81-C4B9-6BB78E4A0D28" vid_target="2C98BF00-3D38-EFE5-A693-AE62EC4289AF">
<hideElementsInCurrentOnly>false</hideElementsInCurrentOnly>
<backgroundColor>-16777216</backgroundColor>
<lineWidth>1</lineWidth>
<points>
<point x="1310" y="335"/>
<point x="1193" y="335"/>
</points>
</Connector>
</connectors>
</Diagram>